,City,Country,Lat,Lng,Max Temp,Humidity,Cloudiness,Wind Speed,Current Description
0,Srednekolymsk,RU,67.45,153.6833,56.52,44,99,21.59,overcast clouds
1,Hearst,CA,49.6835,-83.6665,73.65,62,82,12.97,broken clouds
2,Necochea,AR,-38.5473,-58.7368,46.65,59,9,10.83,clear sky
3,Hirara,JP,24.8,125.2833,84.47,79,20,10.36,few clouds
4,Albany,US,42.6001,-73.9662,77.65,61,99,5.39,overcast clouds
5,Lebu,CL,-37.6167,-73.65,55.51,87,93,1.32,overcast clouds
6,Fort Nelson,CA,58.8053,-122.7002,49.59,27,90,8.05,overcast clouds
7,Vaini,TO,-21.2,-175.2,71.76,88,90,9.22,light rain
8,Khatanga,RU,71.9667,102.5,31.48,98,100,5.35,overcast clouds
9,Norman Wells,CA,65.282,-126.8329,60.84,21,20,11.5,few clouds
10,Bredasdorp,ZA,-34.5322,20.0403,52.92,76,75,5.82,broken clouds
11,Arraial Do Cabo,BR,-22.9661,-42.0278,69.64,60,70,6.51,broken clouds
12,Port Elizabeth,ZA,-33.918,25.5701,61.09,88,0,9.22,clear sky
13,Bacolod,PH,10.6667,122.95,83.39,77,76,0.81,light rain
14,Kondoa,TZ,-4.9,35.7833,54.27,95,77,4.07,broken clouds
15,Ambon,ID,-3.6954,128.1814,77.14,94,40,13.4,scattered clouds
16,Talnakh,RU,69.4865,88.3972,23.27,94,54,12.26,broken clouds
17,Fougamou,GA,-1.2154,10.5838,75.36,97,100,2.04,overcast clouds
18,Labuhan,ID,-6.8844,112.2051,79.77,81,20,8.1,few clouds
19,Hamilton,US,39.1834,-84.5333,85.84,44,1,4.16,clear sky
20,Ilulissat,GL,69.2167,-51.1,33.82,64,30,4.61,scattered clouds
21,Hobart,AU,-42.8794,147.3294,53.26,77,75,4.0,moderate rain
22,San Jose,US,37.3394,-121.895,78.67,47,20,4.0,few clouds
23,Tiksi,RU,71.6872,128.8694,35.15,89,23,1.86,few clouds
24,Cape Town,ZA,-33.9258,18.4232,58.12,82,0,1.01,clear sky
25,Rikitea,PF,-23.1203,-134.9692,77.27,78,68,15.05,broken clouds
26,Hilo,US,19.7297,-155.09,82.13,71,1,14.97,clear sky
27,Lata,PT,40.1629,-8.3327,60.71,81,100,0.87,overcast clouds
28,Amapa,BR,1.0,-52.0,73.18,98,100,2.44,overcast clouds
29,Hambantota,LK,6.1241,81.1185,80.85,76,96,22.48,overcast clouds
30,Muros,ES,42.7762,-9.0603,54.84,74,99,12.64,overcast clouds
31,Seoul,KR,37.5683,126.9778,60.37,72,0,5.39,clear sky
32,Takab,IR,36.4009,47.1133,49.12,84,12,1.16,few clouds
33,Kapaa,US,22.0752,-159.319,83.12,68,1,1.99,clear sky
34,Alofi,NU,-19.0595,-169.9187,75.09,80,90,16.11,light rain
35,Pathein,MM,16.7833,94.7333,78.75,90,100,2.55,light rain
36,Kodiak,US,57.79,-152.4072,55.38,56,0,4.94,clear sky
37,Tank,PK,32.2217,70.3793,87.24,26,0,2.13,clear sky
38,Kavaratti,IN,10.5669,72.642,83.14,76,100,16.44,overcast clouds
39,Ushuaia,AR,-54.8,-68.3,29.86,86,75,23.02,light snow
40,Bluff,NZ,-46.6,168.3333,49.8,52,75,5.23,broken clouds
41,Barrow,US,71.2906,-156.7887,26.62,80,90,5.75,overcast clouds
42,Atuona,PF,-9.8,-139.0333,80.1,62,21,13.78,few clouds
43,Salalah,OM,17.0151,54.0924,82.49,78,20,3.44,few clouds
44,Male,MV,4.1748,73.5089,84.15,79,75,27.63,broken clouds
45,Bambous Virieux,MU,-20.3428,57.7575,71.85,88,75,9.28,broken clouds
46,Port Alfred,ZA,-33.5906,26.891,63.16,89,69,10.16,broken clouds
47,Tuktoyaktuk,CA,69.4541,-133.0374,30.2,86,90,6.91,overcast clouds
48,Arcachon,FR,44.5875,-1.0519,50.32,87,0,0.0,clear sky
49,Kopavogur,IS,64.1123,-21.913,47.3,71,20,13.8,few clouds
50,Kimbe,PG,-5.5502,150.1429,79.66,86,100,5.06,light rain
51,Busselton,AU,-33.65,115.3333,43.05,75,100,9.93,overcast clouds
52,Castro,BR,-24.7911,-50.0119,49.26,59,37,1.25,scattered clouds
53,San Vicente,AR,-26.6167,-54.1333,48.74,68,39,2.59,scattered clouds
54,Saskylakh,RU,71.9167,114.0833,50.77,61,97,7.23,overcast clouds
55,Urumqi,CN,43.801,87.6005,68.95,24,0,3.87,clear sky
56,Flin Flon,CA,54.7682,-101.865,33.64,64,90,16.31,overcast clouds
57,Esperance,AU,-33.8667,121.9,51.64,80,32,9.33,scattered clouds
58,Nandikotkur,IN,15.8667,78.2667,82.89,65,100,18.23,overcast clouds
59,Yellowknife,CA,62.456,-114.3525,47.32,39,20,1.99,few clouds
60,Chake Chake,TZ,-5.2459,39.7666,76.93,73,89,12.57,overcast clouds
61,Saint-Pierre,RE,-21.3393,55.4781,73.04,75,75,5.75,broken clouds
62,Guerrero Negro,MX,27.9769,-114.0611,69.12,58,64,14.36,broken clouds
63,Punta Arenas,CL,-53.15,-70.9167,35.71,87,20,12.35,few clouds
64,Piacabucu,BR,-10.4056,-36.4344,76.44,83,22,7.65,few clouds
65,Hobyo,SO,5.3505,48.5268,77.92,82,44,22.48,scattered clouds
66,Mount Gambier,AU,-37.8333,140.7667,51.71,71,90,9.22,overcast clouds
67,Villazon,BO,-22.0866,-65.5942,50.02,15,74,5.28,broken clouds
68,Ugoofaaru,MV,5.6667,73.0,82.9,77,100,25.48,overcast clouds
69,Puerto Ayora,EC,-0.7393,-90.3518,75.54,90,32,4.0,scattered clouds
70,Chokurdakh,RU,70.6333,147.9167,37.24,75,67,9.1,broken clouds
71,Lorengau,PG,-2.0226,147.2712,78.84,89,100,7.18,moderate rain
72,Goderich,CA,43.7501,-81.7165,82.04,47,71,12.66,broken clouds
73,New Norfolk,AU,-42.7826,147.0587,52.92,74,74,7.83,light rain
74,Port Moresby,PG,-9.4431,147.1797,81.82,61,40,11.5,scattered clouds
75,Codrington,AU,-38.2667,141.9667,53.91,60,96,20.56,overcast clouds
76,Fomboni,KM,-12.28,43.7425,78.58,68,19,13.96,few clouds
77,Malanville,BJ,11.8685,3.3899,89.69,34,34,8.99,scattered clouds
78,Hermanus,ZA,-34.4187,19.2345,57.9,73,44,7.11,scattered clouds
79,Damghan,IR,36.1683,54.348,74.84,33,99,10.85,overcast clouds
80,Husavik,IS,66.0449,-17.3389,44.51,77,15,11.97,few clouds
81,Hervey Bay,AU,-25.2986,152.8535,74.03,84,8,4.0,clear sky
82,Senanga,ZM,-16.1167,23.2667,54.81,61,0,5.06,clear sky
83,Nuevo Progreso,MX,23.1667,-97.95,91.6,68,8,4.0,clear sky
84,Cherskiy,RU,68.75,161.3,60.85,32,91,13.62,overcast clouds
85,Dingle,PH,10.9995,122.6711,82.13,79,100,3.49,moderate rain
86,Blagoyevo,RU,63.3667,47.9167,36.36,97,100,9.24,overcast clouds
87,Carnarvon,AU,-24.8667,113.6333,50.07,71,94,9.22,overcast clouds
88,Mandalgovi,MN,45.7625,106.2708,45.9,52,48,14.47,scattered clouds
89,Kamloops,CA,50.6665,-120.3192,74.39,43,75,1.99,broken clouds
90,Kruisfontein,ZA,-34.0033,24.7314,54.88,94,81,5.66,broken clouds
91,Hithadhoo,MV,-0.6,73.0833,84.25,66,100,20.13,overcast clouds
92,Namibe,AO,-15.1961,12.1522,74.5,66,0,2.13,clear sky
93,Jamestown,US,42.097,-79.2353,83.52,57,1,5.75,clear sky
94,Airai,TL,-8.9266,125.4092,66.15,69,22,4.74,few clouds
95,Ribeira Grande,PT,38.5167,-28.7,64.4,93,100,17.45,overcast clouds
96,Nouadhibou,MR,20.931,-17.0347,66.18,77,9,16.11,clear sky
97,Kisaran,ID,2.9845,99.6158,74.82,97,99,1.66,overcast clouds
98,Cuyo,PH,10.8525,121.0086,84.49,70,99,3.6,overcast clouds
99,Delta,NG,5.5,6.0,75.54,97,94,3.91,overcast clouds
100,San Cristobal,VE,7.7669,-72.225,65.05,99,100,3.76,overcast clouds
101,Avarua,CK,-21.2078,-159.775,82.45,83,20,8.05,few clouds
102,Yaan,NG,7.3833,8.5667,79.27,77,90,9.93,overcast clouds
103,Mataura,NZ,-46.1927,168.8643,49.48,47,93,2.91,overcast clouds
104,Meulaboh,ID,4.1363,96.1285,78.12,85,92,4.92,overcast clouds
105,Deputatskiy,RU,69.3,139.9,47.68,44,1,17.11,clear sky
106,Nikolskoye,RU,59.7035,30.7861,48.4,86,99,6.51,light rain
107,Dikson,RU,73.5069,80.5464,21.0,93,76,6.91,broken clouds
108,Roald,NO,62.5833,6.1333,52.16,81,0,19.57,clear sky
109,Pevek,RU,69.7008,170.3133,32.83,85,99,2.55,overcast clouds
110,Tiarei,PF,-17.5333,-149.3333,84.22,72,72,5.66,broken clouds
111,Coffs Harbour,AU,-30.3,153.1333,64.36,81,9,3.44,clear sky
112,Thinadhoo,MV,0.5333,72.9333,84.29,65,100,21.5,overcast clouds
113,Buin,CL,-33.7333,-70.75,70.09,38,71,5.46,broken clouds
114,Bengkulu,ID,-3.8004,102.2655,77.76,84,78,2.84,broken clouds
115,Touros,BR,-5.1989,-35.4608,77.9,84,55,11.25,broken clouds
116,Georgetown,MY,5.4112,100.3354,82.89,82,40,4.61,scattered clouds
117,Qaanaaq,GL,77.484,-69.3632,32.02,76,10,5.44,clear sky
118,Upernavik,GL,72.7868,-56.1549,35.11,81,82,8.63,broken clouds
119,Hastings,GB,50.8552,0.5729,49.8,91,97,3.42,overcast clouds
120,Patharia,IN,23.9,79.2,83.55,18,100,7.9,overcast clouds
121,Butaritari,KI,3.0707,172.7902,81.99,79,100,18.34,overcast clouds
122,Mandera,KE,3.9366,41.867,75.9,57,8,9.71,clear sky
123,Villa Guerrero,MX,18.8667,-99.65,86.38,49,100,2.59,overcast clouds
124,Ponta Do Sol,PT,32.6667,-17.1,65.03,67,69,6.78,broken clouds
125,Hailar,CN,49.2,119.7,46.58,61,70,6.55,broken clouds
126,Ucluelet,CA,48.9329,-125.5528,70.05,79,81,3.0,broken clouds
127,Saint-Louis,SN,16.3333,-15.0,91.04,25,90,14.61,overcast clouds
128,Hadejia,NG,12.4498,10.0444,86.94,10,29,7.27,scattered clouds
129,Honningsvag,NO,70.9821,25.9704,36.95,67,43,1.41,scattered clouds
130,Trat,TH,12.5,102.5,80.78,94,100,1.74,light rain
131,Erenhot,CN,43.6475,111.9767,54.41,38,97,12.03,light rain
132,Jiayuguan,CN,39.8167,98.3,61.92,17,50,2.75,scattered clouds
133,Nome,US,64.5011,-165.4064,69.87,23,1,12.66,clear sky
134,Moose Factory,CA,51.2585,-80.6094,82.4,39,1,19.57,clear sky
135,Murshidabad,IN,24.1833,88.2667,79.83,82,100,20.42,overcast clouds
136,Bethel,US,41.3712,-73.414,72.64,66,1,9.22,clear sky
137,Saint-Michel-Des-Saints,CA,46.6834,-73.9159,63.93,92,100,4.83,overcast clouds
138,Coihaique,CL,-45.5752,-72.0662,33.75,93,90,3.44,light rain
139,Mar Del Plata,AR,-38.0023,-57.5575,50.13,61,0,8.01,clear sky
140,Tasiilaq,GL,65.6145,-37.6368,37.56,87,100,45.41,light rain
141,Ust-Maya,RU,60.4167,134.5333,55.65,34,90,2.86,overcast clouds
142,Puerto Varas,CL,-41.3195,-72.9854,52.02,100,90,10.07,overcast clouds
143,Saint-Philippe,RE,-21.3585,55.7679,72.95,86,50,8.37,light rain
144,Tuatapere,NZ,-46.1333,167.6833,49.82,53,77,3.42,broken clouds
145,Bandarban,BD,22.1965,92.2262,80.53,68,100,5.82,overcast clouds
146,Klaksvik,FO,62.2266,-6.589,49.12,91,96,16.2,overcast clouds
147,Atar,MR,20.5169,-13.0499,85.93,19,46,10.83,scattered clouds
148,Nago,JP,26.5881,127.9761,82.47,85,96,4.68,overcast clouds
149,Vysokopillya,UA,47.4919,33.5306,61.18,83,33,1.88,scattered clouds
150,Anadyr,RU,64.75,177.4833,45.1,65,40,24.0,light rain
151,Cabra,ES,37.4725,-4.4421,67.19,56,2,7.18,clear sky
152,Victoria Point,AU,-27.5833,153.3,71.1,82,1,1.99,clear sky
153,Koungou,YT,-12.7336,45.2042,76.71,78,0,10.58,clear sky
154,Kailua,US,21.4022,-157.7394,85.41,65,17,7.27,few clouds
155,Constitucion,CL,-35.3333,-72.4167,55.36,81,83,8.16,broken clouds
156,Maldonado,UY,-34.6667,-54.9167,56.59,69,0,4.61,clear sky
157,Saldanha,ZA,-33.0117,17.9442,46.45,82,8,2.08,clear sky
158,Cockburn Town,TC,21.4612,-71.1419,79.0,79,3,19.28,clear sky
159,Makinsk,KZ,52.6292,70.4169,65.19,38,45,5.53,scattered clouds
160,Nampula,MZ,-15.1165,39.2666,64.35,94,40,11.5,scattered clouds
161,Kyren,RU,51.6828,102.1408,49.03,74,93,1.59,overcast clouds
162,Lloydminster,CA,53.2835,-110.0016,51.48,40,75,9.22,broken clouds
163,Celestun,MX,20.8667,-90.4,84.81,69,53,16.2,broken clouds
164,Broken Hill,AU,-31.95,141.4333,51.51,71,0,11.5,clear sky
165,Kutum,SD,14.2,24.6667,77.41,25,86,2.64,overcast clouds
166,Imeni Zhelyabova,RU,58.9544,36.5956,37.92,90,80,4.54,broken clouds
167,Gladstone,AU,-23.85,151.25,73.78,60,1,5.75,clear sky
168,Cabo San Lucas,MX,22.8909,-109.9124,95.5,30,20,10.36,few clouds
169,Kostino,RU,58.9097,53.2691,45.37,92,85,5.57,overcast clouds
170,Kijang,KR,35.2442,129.2139,62.33,48,100,2.08,overcast clouds
171,San Lorenzo,PY,-25.3333,-57.5333,67.14,68,90,5.01,overcast clouds
172,Narsaq,GL,60.9167,-46.05,39.42,73,61,3.83,broken clouds
173,Krusevac,RS,43.58,21.3339,66.56,95,48,12.19,scattered clouds
174,Inhambane,MZ,-23.865,35.3833,64.24,77,1,1.36,clear sky
175,Dzaoudzi,YT,-12.7887,45.2699,76.89,78,0,9.22,clear sky
176,Atbasar,KZ,51.8,68.3333,73.8,30,14,5.1,few clouds
177,Flinders,AU,-34.5833,150.8552,64.38,63,27,7.0,scattered clouds
178,Vostok,RU,46.4856,135.8833,51.49,58,17,9.71,few clouds
179,Savelugu,GH,9.6244,-0.8253,86.97,50,71,9.01,broken clouds
180,Victoria,HK,22.2855,114.1577,86.05,88,69,1.01,broken clouds
181,Pacific Grove,US,36.6177,-121.9166,80.15,74,40,4.0,scattered clouds
182,Marzuq,YE,14.4,46.4667,77.2,54,25,4.27,scattered clouds
183,Pringsewu,ID,-5.3582,104.9744,76.19,93,86,1.07,overcast clouds
184,Tecoanapa,MX,16.5167,-98.75,86.43,56,88,10.63,overcast clouds
185,Sinnamary,GF,5.3833,-52.95,78.66,90,100,5.79,overcast clouds
186,Faanui,PF,-16.4833,-151.75,81.1,71,64,11.7,broken clouds
187,Okha,RU,53.5739,142.9478,38.35,79,100,8.68,overcast clouds
188,Sitka,US,57.0531,-135.33,49.89,76,75,9.22,light rain
189,Los Llanos De Aridane,ES,28.6585,-17.9182,64.15,71,75,17.34,broken clouds
190,Arlit,NE,18.7369,7.3853,88.36,4,0,12.15,clear sky
191,Mastacani,RO,45.7833,28.0333,57.67,68,21,7.31,few clouds
192,Luderitz,NA,-26.6481,15.1594,62.02,68,0,7.05,clear sky
193,Ust-Ilimsk,RU,58.0006,102.6619,40.37,59,15,4.36,few clouds
194,Thompson,CA,55.7435,-97.8558,28.56,80,90,19.57,overcast clouds
195,Ilhabela,BR,-23.7781,-45.3581,64.06,75,81,6.06,broken clouds
196,Sabang,ID,5.8933,95.3214,82.58,78,99,10.42,overcast clouds
197,Saint-Francois,FR,46.4154,3.9054,49.44,86,0,3.44,clear sky
198,Outlook,CA,51.5001,-107.0513,45.5,68,100,9.01,overcast clouds
199,Ifakara,TZ,-8.1333,36.6833,65.37,77,56,2.28,broken clouds
200,Chuy,UY,-33.6971,-53.4616,50.05,82,0,6.82,clear sky
201,Moree,AU,-29.4667,149.85,60.82,72,75,12.66,broken clouds
202,Qingyuan,CN,23.7,113.0333,81.91,84,58,4.74,broken clouds
203,Lompoc,US,34.6391,-120.4579,82.78,66,1,17.27,clear sky
204,Bontang,ID,0.1333,117.5,78.57,86,100,4.29,overcast clouds
205,Mokhsogollokh,RU,61.4681,128.9203,56.17,45,49,5.48,scattered clouds
206,Stornoway,GB,58.2093,-6.3865,52.93,81,90,12.66,overcast clouds
207,Uvalde,US,29.3669,-99.767,87.53,36,33,19.77,scattered clouds
208,Calama,CL,-22.4667,-68.9333,63.09,8,40,11.5,scattered clouds
209,Beringovskiy,RU,63.05,179.3167,32.74,99,100,6.58,overcast clouds
210,Ulaangom,MN,49.9811,92.0667,60.85,45,93,4.92,light rain
211,Banda Aceh,ID,5.5577,95.3222,80.38,81,97,5.86,overcast clouds
212,Kununurra,AU,-15.7667,128.7333,75.18,69,4,0.0,clear sky
213,Along,IN,28.1667,94.7667,73.02,95,92,1.07,overcast clouds
214,Canutama,BR,-6.5339,-64.3831,75.11,92,52,0.38,broken clouds
215,Margate,GB,51.3813,1.3862,49.71,76,73,1.99,broken clouds
216,Sangar,RU,63.9242,127.4739,57.22,53,87,2.57,overcast clouds
217,Ostrovnoy,RU,68.0531,39.5131,33.55,78,9,6.24,clear sky
218,Oistins,BB,13.0667,-59.5333,80.69,61,40,16.11,scattered clouds
219,Mitsamiouli,KM,-11.3847,43.2844,77.65,71,22,10.09,few clouds
220,Providencia,MX,28.7167,-111.5833,98.47,17,15,10.0,few clouds
221,Iquitos,PE,-3.7481,-73.2472,77.04,88,75,3.44,broken clouds
222,Fairview,US,40.8126,-73.999,78.62,65,1,8.05,clear sky
223,Kaitangata,NZ,-46.2817,169.8464,46.47,46,100,3.18,overcast clouds
224,Mount Isa,AU,-20.7333,139.5,69.57,52,70,11.5,broken clouds
225,Opuwo,NA,-18.0607,13.84,60.37,44,0,8.01,clear sky
226,Napasar,IN,27.9667,73.55,87.42,47,0,8.97,clear sky
227,Xuddur,SO,4.1213,43.8894,68.63,83,8,14.27,clear sky
228,Dorna,RO,47.35,25.4333,56.97,86,86,3.65,light rain
229,Thunder Bay,CA,48.4001,-89.3168,79.99,58,40,14.97,scattered clouds
230,Mahebourg,MU,-20.4081,57.7,71.89,88,75,0.0,broken clouds
231,Tateyama,JP,34.9833,139.8667,70.07,69,70,13.42,broken clouds
232,Kapiri Mposhi,ZM,-13.9652,28.6809,48.27,74,0,5.48,clear sky
233,Makakilo City,US,21.3469,-158.0858,83.95,65,75,12.66,broken clouds
234,Cap Malheureux,MU,-19.9842,57.6142,72.09,81,8,3.0,clear sky
235,Te Anau,NZ,-45.4167,167.7167,48.47,62,72,2.21,broken clouds
236,Ust-Shonosha,RU,61.1531,41.343,38.64,92,100,5.77,overcast clouds
237,Palana,RU,59.1167,159.9667,38.79,67,100,7.07,overcast clouds
238,Sterling,US,39.0062,-77.4286,80.37,72,40,1.01,scattered clouds
239,Gat,IL,31.61,34.7642,79.39,57,0,1.77,clear sky
240,Twin Falls,US,42.3505,-114.6445,62.1,82,40,21.85,scattered clouds
241,Severo-Kurilsk,RU,50.6789,156.125,37.56,98,100,15.59,light rain
242,Iracoubo,GF,5.4802,-53.2011,78.26,91,100,5.86,overcast clouds
243,Horki,BY,54.2861,30.9842,56.79,78,99,10.31,light rain
244,Bilibino,RU,68.0546,166.4372,47.64,62,92,7.14,overcast clouds
245,Abaza,RU,52.655,90.0928,60.69,90,100,6.15,light rain
246,Tazovskiy,RU,67.4667,78.7,27.99,70,82,2.01,broken clouds
247,Goundam,ML,16.4145,-3.6708,93.7,27,97,7.31,overcast clouds
248,Shitanjing,CN,39.2342,106.3439,56.37,48,13,20.58,few clouds
249,Giyon,ET,8.5333,37.9833,59.72,68,35,1.39,scattered clouds
250,Lavrentiya,RU,65.5833,-171.0,38.8,85,64,9.91,broken clouds
251,Broome,US,42.2506,-75.833,73.8,76,93,5.01,overcast clouds
252,Lazaro Cardenas,MX,17.9583,-102.2,84.7,51,66,12.39,broken clouds
253,Qaqortoq,GL,60.7167,-46.0333,39.7,65,43,9.66,scattered clouds
254,Avera,US,33.194,-82.5271,93.07,41,58,8.16,broken clouds
255,Sao Joao Da Barra,BR,-21.6403,-41.0511,68.49,71,63,7.07,broken clouds
256,Port Hardy,CA,50.6996,-127.4199,51.98,66,75,5.75,broken clouds
257,Aklavik,CA,68.2191,-135.0107,40.03,70,75,9.22,broken clouds
258,Nanortalik,GL,60.1432,-45.2371,33.62,75,49,11.16,scattered clouds
259,San Patricio,US,28.017,-97.5169,84.88,80,58,15.66,broken clouds
260,Atasu,KZ,48.6814,71.6433,68.5,40,0,7.47,clear sky
261,Saint-Paul,RE,-21.0096,55.2707,73.49,80,8,3.18,clear sky
262,Chapais,CA,49.7834,-74.8492,65.98,88,100,8.03,overcast clouds
263,Roma,US,43.2128,-75.4557,80.46,90,100,9.44,overcast clouds
264,Zhangye,CN,38.9342,100.4517,62.56,19,45,0.78,scattered clouds
265,Caravelas,BR,-17.7125,-39.2481,74.01,92,56,8.01,broken clouds
266,Boksitogorsk,RU,59.474,33.8485,39.6,82,98,7.65,overcast clouds
267,Kenai,US,60.5544,-151.2583,68.02,48,1,10.36,clear sky
268,Mareeba,AU,-17.0,145.4333,66.43,95,88,1.88,overcast clouds
269,Tepezala,MX,22.2167,-102.1667,82.96,21,58,3.56,broken clouds
270,Haines Junction,CA,60.7522,-137.5108,55.35,54,95,9.22,light rain
271,Tansen,NP,27.8673,83.5467,66.76,80,96,2.15,overcast clouds
272,Bilma,NE,18.6853,12.9164,86.27,8,0,5.06,clear sky
273,Asau,RO,46.4333,26.4,59.76,100,32,4.76,scattered clouds
274,Kaka,TM,37.3482,59.6143,79.61,17,35,3.96,scattered clouds
275,Dauphin,CA,51.1494,-100.0502,41.14,75,90,24.16,overcast clouds
276,Cabedelo,BR,-6.9811,-34.8339,77.67,85,25,10.87,scattered clouds
277,Cidreira,BR,-30.1811,-50.2056,56.43,70,0,9.66,clear sky
278,Tanete,ID,-3.9443,119.7848,80.42,81,100,8.19,overcast clouds
279,Nizhniy Odes,RU,63.6445,54.856,38.32,95,100,7.67,overcast clouds
280,The Valley,AI,18.217,-63.0578,81.1,75,19,16.58,few clouds
281,Fortuna,US,40.5982,-124.1573,70.48,68,90,7.0,overcast clouds
282,Inuvik,CA,68.3499,-133.7218,40.06,81,90,8.05,overcast clouds
283,Fukue,JP,32.6881,128.8419,62.96,77,0,2.3,clear sky
284,Vostochnyy,RU,55.8167,37.8667,55.67,68,85,2.1,overcast clouds
285,East London,ZA,-33.0153,27.9116,64.2,89,61,12.77,broken clouds
286,Iqaluit,CA,63.7506,-68.5145,28.13,86,75,24.0,broken clouds
287,Kalemie,CD,-5.9475,29.1947,69.04,79,15,2.84,few clouds
288,Sao Filipe,CV,14.8961,-24.4956,74.64,72,0,8.1,clear sky
289,College,US,64.8569,-147.8028,69.75,32,75,10.36,broken clouds
290,Bartica,GY,6.4,-58.6167,79.12,99,100,2.68,overcast clouds
291,Abdulino,RU,53.7,53.6667,53.58,85,89,13.78,overcast clouds
292,Venado Tuerto,AR,-33.7456,-61.9688,53.76,60,2,1.86,clear sky
293,Cap-Aux-Meules,CA,47.3821,-61.8597,55.45,67,75,26.46,broken clouds
294,Bud,US,39.447,-86.1758,86.09,76,64,9.53,broken clouds
295,Kahului,US,20.8947,-156.47,86.02,68,40,19.57,scattered clouds
296,Tessalit,ML,20.1986,1.0114,93.0,7,42,12.55,scattered clouds
297,Nogliki,RU,51.8333,143.1667,38.16,84,100,8.48,overcast clouds
298,Porto Belo,BR,-27.1578,-48.5531,63.16,75,1,5.77,clear sky
299,Emerald,AU,-23.5333,148.1667,68.34,73,2,3.44,clear sky
300,Baruun-Urt,MN,46.6806,113.2792,47.53,63,44,12.55,scattered clouds
301,Kulu,TR,39.0951,33.0799,62.65,40,0,4.88,clear sky
302,Miandrivazo,MG,-19.5167,45.4667,65.79,88,0,0.36,clear sky
303,Pueblo Nuevo,MX,23.3833,-105.3833,75.4,22,57,7.61,broken clouds
304,Paamiut,GL,61.994,-49.6678,35.6,72,82,8.95,broken clouds
305,Nadvoitsy,RU,63.8667,34.3167,34.11,78,44,4.52,scattered clouds
306,Novocheboksarsk,RU,56.111,47.4776,55.96,62,0,8.95,clear sky
307,Severobaykalsk,RU,55.65,109.3167,35.8,87,100,2.37,overcast clouds
308,Constantine,DZ,36.365,6.6147,58.41,77,0,5.75,clear sky
309,Dustlik,UZ,40.5247,68.0358,72.5,37,41,6.35,scattered clouds
310,Biak,ID,-0.9131,122.8766,79.92,75,88,6.64,overcast clouds
311,Ust-Koksa,RU,50.2696,85.6108,57.06,72,52,1.25,broken clouds
312,Aku,NG,6.7081,7.3167,73.54,97,85,4.56,overcast clouds
313,San Pedro De Ycuamandiyu,PY,-24.0917,-57.0764,68.61,38,100,2.86,overcast clouds
314,Feldkirchen,DE,48.148,11.7434,47.79,69,37,3.0,scattered clouds
315,Korla,CN,41.7597,86.1469,73.26,21,22,5.73,few clouds
316,Cleburne,US,32.3476,-97.3867,84.54,72,90,9.22,overcast clouds
317,Naze,JP,28.3667,129.4833,68.92,69,99,1.86,overcast clouds
318,Ternate,ID,0.8,127.4,83.16,75,93,5.41,light rain
319,Hargeysa,SO,9.56,44.065,68.9,64,14,22.26,few clouds
320,Moron,AR,-34.6534,-58.6198,56.95,75,3,2.3,clear sky
321,Fare,PF,-16.7,-151.0167,81.01,70,84,10.45,broken clouds
322,Bani,DO,18.2833,-70.3333,78.75,77,19,11.07,few clouds
323,Northam,GB,51.0333,-4.2167,48.65,94,52,8.34,broken clouds
324,Ancud,CL,-41.8697,-73.8203,54.93,93,100,17.25,light rain
325,Adrar,MR,20.5022,-10.0711,87.67,19,91,12.53,overcast clouds
326,Khasan,RU,42.4308,130.6434,57.85,52,64,6.55,broken clouds
327,Ossora,RU,59.2353,163.0719,35.44,99,100,6.49,light rain
328,Bousse,BF,12.6606,-1.8922,85.57,36,96,9.17,overcast clouds
329,Salym,RU,60.0625,71.4789,50.92,86,56,5.53,broken clouds
330,Itarema,BR,-2.9248,-39.9167,78.35,78,35,11.56,scattered clouds
331,Balkhash,KZ,46.844,74.9804,69.39,46,0,13.38,clear sky
332,Litovko,RU,49.2361,135.1742,39.78,94,100,4.72,light rain
333,Pawak,PH,8.0163,124.2565,69.69,75,89,1.66,overcast clouds
334,Bras-Panon,RE,-20.9967,55.6782,73.02,84,33,8.93,light rain
335,Ahipara,NZ,-35.1667,173.1667,58.84,66,41,9.6,scattered clouds
336,Ushtobe,KZ,45.2514,77.9838,65.66,42,0,9.42,clear sky
337,Kokstad,ZA,-30.5472,29.4241,49.95,46,100,4.43,overcast clouds
338,Cocobeach,GA,1.0002,9.5823,80.06,88,100,7.25,light rain
339,Santona,ES,43.4439,-3.4576,53.44,88,28,4.0,scattered clouds
340,Umm Lajj,SA,25.0213,37.2685,83.8,49,0,9.69,clear sky
341,Kapoeta,SS,4.7717,33.5903,77.25,58,74,4.36,broken clouds
342,Monrovia,LR,6.3005,-10.7969,80.78,81,99,6.55,overcast clouds
343,Souillac,MU,-20.5167,57.5167,71.98,88,75,8.43,broken clouds
344,Geraldton,AU,-28.7667,114.6,51.13,76,79,16.73,broken clouds
345,Alta,NO,69.9689,23.2717,36.66,65,75,6.91,broken clouds
346,Waitati,NZ,-45.75,170.5667,49.8,59,100,4.27,overcast clouds
347,Blacksburg,US,37.2296,-80.4139,76.3,87,90,0.0,overcast clouds
348,Pekin,CN,39.9075,116.3972,66.22,26,88,5.48,overcast clouds
349,Krasnoselkup,RU,65.7,82.4667,31.15,59,15,7.85,few clouds
350,Kieta,PG,-6.2167,155.6333,82.42,84,92,8.05,moderate rain
351,Maumere,ID,-8.6199,122.2111,81.48,71,16,3.89,few clouds
352,Palasbari,IN,26.1361,91.5486,75.25,94,75,0.0,broken clouds
353,Lasa,IT,46.6166,10.7002,47.28,62,35,1.39,scattered clouds
354,Debre Birhan,ET,9.6833,39.5333,51.55,46,14,0.51,few clouds
355,Payson,US,40.0444,-111.7321,79.34,22,75,1.99,broken clouds
356,Victor Harbor,AU,-35.5667,138.6167,58.71,63,38,4.0,scattered clouds
357,Koslan,RU,63.4564,48.8989,36.3,96,100,9.06,overcast clouds
358,Kalmunai,LK,7.4167,81.8167,78.82,75,100,2.84,overcast clouds
359,Pontianak,ID,-0.0333,109.3333,78.78,94,20,2.28,few clouds
360,Hay River,CA,60.8156,-115.7999,35.58,55,20,8.05,few clouds
361,Wairoa,NZ,-39.0333,177.3667,56.55,79,60,4.0,broken clouds
362,Udachnyy,RU,66.4167,112.4,47.23,70,88,11.86,overcast clouds
363,Port Macquarie,AU,-31.4333,152.9167,57.88,59,23,6.26,few clouds
364,Tocopilla,CL,-22.092,-70.1979,68.68,62,74,4.54,broken clouds
365,Acapulco,MX,16.8634,-99.8901,87.62,58,75,10.76,broken clouds
366,Kushiro,JP,42.975,144.3747,61.75,51,75,9.89,broken clouds
367,Wanning,CN,18.8003,110.3967,84.51,78,16,10.16,few clouds
368,Lagoa,PT,39.05,-27.9833,63.52,90,100,19.17,overcast clouds
369,Salinas,US,36.6777,-121.6555,80.56,65,1,17.27,clear sky
370,Novoraychikhinsk,RU,49.7798,129.594,53.92,60,15,4.9,few clouds
371,Alibag,IN,18.6411,72.8792,84.27,71,97,8.08,overcast clouds
372,Nabire,ID,-3.3667,135.4833,79.84,88,100,2.35,moderate rain
373,Bubaque,GW,11.2833,-15.8333,79.74,73,57,5.68,broken clouds
374,Uinskoye,RU,56.8817,56.5813,50.74,92,100,4.92,overcast clouds
375,Novobataysk,RU,46.8981,39.7819,61.27,87,10,5.82,clear sky
376,Padang,ID,-0.9492,100.3543,77.05,84,94,3.49,overcast clouds
377,Safranbolu,TR,41.2508,32.6942,52.81,81,0,1.66,clear sky
378,Hofn,IS,64.2539,-15.2082,44.11,87,49,11.21,scattered clouds
379,Picos,BR,-7.0769,-41.4669,76.33,40,3,3.47,clear sky
380,Nemuro,JP,43.3236,145.575,46.8,87,100,5.14,overcast clouds
381,San Andres,CO,12.5847,-81.7006,84.22,74,40,14.97,scattered clouds
382,Ampanihy,MG,-24.7,44.75,62.78,71,8,5.77,clear sky
383,Praia Da Vitoria,PT,38.7333,-27.0667,64.76,88,75,15.12,broken clouds
384,Santa Fe,AR,-31.6333,-60.7,60.01,69,0,1.99,clear sky
385,Barra Dos Coqueiros,BR,-10.9089,-37.0386,80.62,78,75,9.22,broken clouds
386,Portland,US,45.5234,-122.6762,64.98,84,90,1.01,overcast clouds
387,Fulton,US,33.7668,-84.4499,89.67,51,1,5.75,clear sky
388,Amga,RU,60.8953,131.9608,58.57,34,43,3.98,scattered clouds
389,Bucerias,MX,20.75,-105.3333,82.98,78,40,6.98,scattered clouds
390,Strezhevoy,RU,60.7333,77.5889,48.18,60,100,7.05,overcast clouds
391,Provideniya,RU,64.3833,-173.3,44.71,61,0,15.66,clear sky
392,Miles City,US,46.4083,-105.8406,61.77,48,75,20.71,broken clouds
393,Kibre Mengist,ET,5.8833,38.9833,56.03,98,79,1.05,broken clouds
394,Nishihara,JP,26.1842,127.7558,81.68,83,75,7.27,broken clouds
395,Ahuimanu,US,21.4447,-157.8378,85.14,65,75,5.23,broken clouds
396,Mlonggo,ID,-6.5333,110.7,78.69,80,26,4.74,scattered clouds
397,Nizwa,OM,22.9333,57.5333,86.47,23,0,2.44,clear sky
398,Merta,IN,26.65,74.0333,85.73,50,38,16.28,scattered clouds
399,Tukrah,LY,32.5341,20.5791,72.14,49,2,10.13,clear sky
400,Kisesa,TZ,-3.0833,34.15,66.65,66,99,5.77,overcast clouds
401,Clyde River,CA,70.4692,-68.5914,28.63,86,100,25.32,overcast clouds
402,Westport,US,41.1415,-73.3579,73.9,77,1,1.99,clear sky
403,Kintampo,GH,8.0563,-1.7306,76.96,76,43,4.54,scattered clouds
404,Cairns,AU,-16.9167,145.7667,71.06,92,90,10.36,overcast clouds
405,Okhotsk,RU,59.3833,143.3,50.9,53,84,8.75,broken clouds
406,Sann,PK,26.0418,68.1378,82.31,56,0,5.01,clear sky
407,Taoudenni,ML,22.6783,-3.9836,100.56,14,85,12.5,overcast clouds
408,Lazarev,RU,52.225,141.5131,33.51,95,100,10.42,overcast clouds
409,Sur,OM,22.5667,59.5289,90.7,41,0,9.86,clear sky
410,Sydney,AU,-33.8679,151.2073,66.79,61,20,1.01,few clouds
411,Salta,AR,-24.7859,-65.4117,55.99,69,0,1.99,clear sky
412,Hutchinson,US,38.0608,-97.9298,80.71,57,1,12.66,clear sky
413,Longyearbyen,SJ,78.2186,15.6401,28.24,86,75,17.27,broken clouds
414,Isernia,IT,41.6002,14.2382,60.67,89,16,0.38,few clouds
415,Pangai,TO,-19.8,-174.35,71.71,88,90,5.75,moderate rain
416,Kiunga,PG,-6.1219,141.2906,77.13,86,96,4.45,overcast clouds
417,Berlevag,NO,70.8578,29.0864,36.27,71,35,7.56,scattered clouds
418,Grindavik,IS,63.8424,-22.4338,47.55,81,40,27.38,scattered clouds
419,Kankon,IN,15.0167,74.0167,84.0,81,100,11.59,overcast clouds
420,Imbituba,BR,-28.24,-48.6703,58.89,73,4,3.89,clear sky
421,Wabash,US,40.7978,-85.8205,86.52,58,64,14.32,broken clouds
422,Sao Jose Da Coroa Grande,BR,-8.8978,-35.1478,77.52,84,42,7.67,scattered clouds
423,Mount Pleasant,US,32.7941,-79.8626,86.14,72,1,1.99,clear sky
424,Cedar City,US,37.6775,-113.0619,77.97,8,1,16.11,clear sky
425,Santa Maria,BR,-29.6842,-53.8069,47.5,100,0,3.91,clear sky
426,Myitkyina,MM,25.3833,97.4,75.24,98,99,0.16,overcast clouds
427,Avanigadda,IN,16.0215,80.9181,87.08,58,90,11.34,overcast clouds
428,Port Blair,IN,11.6667,92.75,84.24,84,90,12.66,overcast clouds
429,Mahibadhoo,MV,3.7833,72.9667,84.11,74,99,22.08,overcast clouds
430,Saint-Joseph,RE,-21.3667,55.6167,71.96,85,31,8.03,light rain
431,Arinos,BR,-15.9169,-46.1056,75.63,53,6,2.98,clear sky
432,Tekeli,KZ,44.83,78.8239,61.47,53,0,9.33,clear sky
433,Aknada,RU,42.4016,46.1723,45.25,97,100,1.34,overcast clouds
434,Rawson,AR,-43.3002,-65.1023,48.69,40,78,6.42,broken clouds
435,Manali,IN,13.1667,80.2667,83.07,76,95,14.56,overcast clouds
436,Algeciras,ES,36.1333,-5.4505,69.57,72,7,16.11,clear sky
437,Edd,ER,13.9297,41.6925,87.4,62,8,4.0,clear sky
438,Kourou,GF,5.1552,-52.6478,80.11,94,100,5.08,overcast clouds
439,Gambela,ET,8.25,34.5833,71.82,90,66,2.89,light rain
440,Port Lincoln,AU,-34.7333,135.8667,58.77,56,60,13.8,broken clouds
441,Banikoara,BJ,11.2985,2.4386,85.33,50,40,4.79,scattered clouds
442,Matara,LK,5.9485,80.5353,79.72,84,99,16.35,overcast clouds
443,Grove City,US,39.8815,-83.093,88.02,39,1,1.99,clear sky
444,Kamenka,RU,51.3223,42.7678,53.29,87,36,6.76,scattered clouds
445,Port Augusta,AU,-32.5,137.7667,53.71,53,43,5.46,scattered clouds
446,Lerwick,GB,60.1545,-1.1494,50.0,93,100,14.27,overcast clouds
447,Freeport,US,40.6576,-73.5832,77.07,75,1,1.99,clear sky
448,Manzanillo,CU,20.3433,-77.1167,78.12,82,32,13.0,scattered clouds
449,Numan,NG,9.4667,12.0333,85.32,46,96,6.76,overcast clouds
450,Praia,CV,14.9215,-23.5087,72.14,78,0,14.97,clear sky
451,Gizo,SB,-8.103,156.8419,82.04,80,100,20.09,light rain
452,Kavieng,PG,-2.5744,150.7967,79.84,85,100,6.93,light rain
453,Praia Grande,BR,-24.0058,-46.4028,72.07,26,85,1.01,overcast clouds
454,Ardakan,IR,32.31,54.0175,82.78,22,21,7.29,few clouds
455,Katsuura,JP,35.1333,140.3,71.24,70,86,15.08,overcast clouds
456,Aberdeen,GB,57.1437,-2.0981,48.49,98,90,10.36,overcast clouds
457,Skibbereen,IE,51.55,-9.2667,49.8,88,100,2.71,moderate rain
458,Hirado,JP,33.3597,129.5531,72.39,66,100,8.25,overcast clouds
459,Zyryanka,RU,65.75,150.85,50.63,59,100,9.37,overcast clouds
460,Lakatoro,VU,-16.0999,167.4164,77.7,51,28,7.27,scattered clouds
461,Owando,CG,-0.4819,15.8999,72.66,90,76,3.09,broken clouds
462,Hayden,US,47.766,-116.7866,69.37,69,20,11.5,few clouds
463,Gallup,US,35.5281,-108.7426,80.02,5,1,3.0,clear sky
464,Ternovka,RU,51.678,41.6375,52.74,80,57,5.5,broken clouds
465,Palauig,PH,15.435,119.9045,85.23,66,13,0.6,few clouds
466,Cap-Chat,CA,49.1001,-66.6821,51.8,93,100,16.11,overcast clouds
467,Shihezi,CN,44.3,86.0333,73.99,27,0,5.86,clear sky
468,Wenling,CN,28.3669,121.36,72.91,79,88,9.26,overcast clouds
469,Khorixas,NA,-20.3667,14.9667,63.88,38,0,8.79,clear sky
470,Alamos,MX,27.0167,-108.9333,94.71,11,32,9.19,scattered clouds
471,Havoysund,NO,70.9963,24.6622,34.68,69,21,1.52,few clouds
472,Chodavaram,IN,17.8333,82.95,85.84,35,100,5.1,overcast clouds
473,Magistralnyy,RU,56.1725,107.4458,46.29,74,100,2.06,overcast clouds
474,Saint George,US,37.1041,-113.5841,93.67,10,1,5.99,clear sky
475,Yulara,AU,-25.2406,130.9889,48.04,53,69,5.75,broken clouds
476,Soe,ID,-9.8607,124.284,71.94,76,54,7.63,broken clouds
477,Nuuk,GL,64.1835,-51.7216,36.21,69,27,6.91,scattered clouds
478,Kaspiyskiy,RU,45.3929,47.3707,66.2,71,91,12.75,overcast clouds
479,Nsoko,SZ,-27.0333,31.95,57.27,81,97,2.91,overcast clouds
480,Hoopstad,ZA,-27.8327,25.9083,50.68,52,97,3.33,overcast clouds
481,Cravo Norte,CO,6.3017,-70.2041,74.75,92,100,2.86,overcast clouds
482,Torbay,CA,47.6666,-52.7314,46.67,77,90,28.77,overcast clouds
483,Vestmannaeyjar,IS,63.4427,-20.2734,45.39,89,78,24.61,broken clouds
484,Uvinza,TZ,-5.1036,30.3911,62.56,79,36,1.12,scattered clouds
485,Nyaunglebin,MM,17.95,96.7333,77.11,88,99,5.41,light rain
486,Glenwood Springs,US,39.5505,-107.3248,76.12,18,26,6.06,scattered clouds
487,Amboise,FR,47.4125,0.9827,54.14,74,90,17.69,overcast clouds
488,Loanda,AO,-8.8368,13.2343,73.18,89,8,6.71,clear sky
489,Kamaishi,JP,39.2667,141.8833,58.15,61,34,3.09,scattered clouds
490,Qandala,SO,11.472,49.8728,85.55,69,4,3.42,clear sky
491,Tomatlan,MX,19.9333,-105.25,89.19,37,0,13.2,clear sky
492,Fereydunshahr,IR,32.941,50.121,48.7,51,1,5.64,clear sky
493,Byron Bay,AU,-28.65,153.6167,71.06,67,1,6.13,clear sky
494,Coquimbo,CL,-29.9533,-71.3436,56.93,82,0,1.77,clear sky
495,Kitimat,CA,54.0524,-128.6534,62.98,60,69,3.0,broken clouds
496,Sandakan,MY,5.8402,118.1179,76.68,94,20,0.0,few clouds
497,Soverato,IT,38.685,16.5499,66.15,82,36,13.98,scattered clouds
498,Vila Franca Do Campo,PT,37.7167,-25.4333,66.61,86,100,9.93,overcast clouds
499,Nyurba,RU,63.2842,118.3319,53.67,51,100,4.59,overcast clouds
500,Pangody,RU,65.85,74.4859,41.27,49,99,7.83,overcast clouds
501,Egvekinot,RU,66.3167,-179.1667,38.61,76,99,10.87,overcast clouds
502,Mauganj,IN,24.6833,81.8833,80.55,49,95,4.09,overcast clouds
503,Rantepao,ID,-2.9701,119.8978,71.29,90,97,2.33,overcast clouds
504,Wakkanai,JP,45.4094,141.6739,50.34,85,74,14.85,broken clouds
505,Diego De Almagro,CL,-26.3667,-70.05,66.45,21,100,1.86,overcast clouds
506,Vega De Alatorre,MX,20.0333,-96.6333,83.75,75,43,15.28,scattered clouds
507,Tilichiki,RU,60.4667,166.1,40.26,74,100,9.55,overcast clouds
508,Myshkin,RU,57.7897,38.4545,43.81,94,90,5.39,overcast clouds
509,Belmonte,BR,-15.8631,-38.8828,79.3,80,19,5.1,few clouds
510,Eyl,SO,7.9803,49.8164,78.64,74,12,21.3,few clouds
511,Mundo Nuevo,MX,18.7,-95.5,83.5,74,34,18.19,scattered clouds
512,Omboue,GA,-1.5746,9.2618,77.7,94,97,6.69,overcast clouds
513,Port-Gentil,GA,-0.7193,8.7815,80.56,89,75,10.36,broken clouds
514,Caconda,AO,-13.7333,15.0667,53.47,55,0,3.27,clear sky
515,Nguruka,TZ,-5.1092,31.0419,61.32,76,18,2.91,few clouds
516,Kumta,IN,14.4167,74.4,81.37,84,97,9.84,overcast clouds
517,Dukat,RU,62.55,155.55,36.14,73,99,6.4,overcast clouds
518,Quemado De Guines,CU,22.7853,-80.2536,80.82,75,60,13.91,broken clouds
519,Vila Velha,BR,-20.3297,-40.2925,73.35,81,90,3.0,overcast clouds
520,Rocha,UY,-34.4833,-54.3333,46.24,73,0,5.19,clear sky
521,Vynohradove,UA,46.3696,32.9398,56.64,82,33,3.85,scattered clouds
522,Poopo,BO,-18.3667,-66.9667,47.08,38,43,0.58,scattered clouds
523,Conneaut,US,41.9476,-80.5542,85.32,77,99,10.18,overcast clouds
524,Campbell River,CA,50.0163,-125.2446,62.13,64,75,3.44,broken clouds
525,Axim,GH,4.8699,-2.2405,79.99,83,100,6.15,overcast clouds
526,Pisco,PE,-13.7,-76.2167,66.25,88,75,4.61,broken clouds
527,Kalat,PK,29.0225,66.5916,62.89,20,0,3.31,clear sky
528,Cam Ranh,VN,11.9214,109.1591,78.76,89,20,2.24,few clouds
529,Kiruna,SE,67.8557,20.2251,30.22,92,99,3.49,overcast clouds
530,Kendari,ID,-3.945,122.4989,78.37,89,53,2.66,broken clouds
531,Khani,GE,41.9563,42.9566,51.37,95,79,2.15,broken clouds
532,Navolato,MX,24.7672,-107.6944,98.64,39,20,12.1,few clouds
533,Yantongshan,CN,43.2919,126.0094,60.78,48,98,13.22,overcast clouds
534,Waipawa,NZ,-41.4122,175.5153,50.45,58,58,8.16,broken clouds
535,Puerto El Triunfo,SV,13.2833,-88.55,90.52,72,73,2.35,broken clouds
536,Wilmington Island,US,32.0036,-80.9737,86.09,53,1,4.0,clear sky
537,Machacamarca,BO,-18.1667,-67.0333,50.0,45,61,3.51,broken clouds
538,Fuxin,CN,42.0156,121.6589,61.83,34,100,6.85,moderate rain
539,Shellbrook,CA,53.2168,-106.4011,43.83,39,73,10.98,broken clouds
540,Lethem,GY,3.3803,-59.7968,76.86,91,99,8.01,overcast clouds
541,North Platte,US,41.1239,-100.7654,80.02,29,1,3.0,clear sky
542,Abancay,PE,-13.6339,-72.8814,55.08,96,99,5.35,overcast clouds
543,Alihe,CN,50.5667,123.7167,50.14,65,81,4.79,broken clouds
544,Port Hedland,AU,-20.3167,118.5667,66.25,48,90,12.66,overcast clouds
545,Minab,IR,27.1467,57.0801,83.7,34,1,1.45,clear sky
546,Botucatu,BR,-22.8858,-48.445,56.16,41,38,1.88,scattered clouds
547,Jacareacanga,BR,-6.2222,-57.7528,81.21,68,91,1.74,overcast clouds
548,Yar-Sale,RU,66.8333,70.8333,34.68,81,100,8.23,light rain
549,Bandarbeyla,SO,9.4942,50.8122,78.8,82,35,22.59,scattered clouds
550,Roros,NO,62.5747,11.3842,42.64,75,90,4.61,overcast clouds
551,La Ronge,CA,55.1001,-105.2842,44.85,39,20,13.8,few clouds
552,Negara,ID,-8.3151,114.6025,79.09,84,58,5.14,broken clouds
553,Milos,GR,36.75,24.4333,68.72,79,0,8.75,clear sky
554,Tubuala,PA,9.5167,-79.0333,82.33,86,100,4.52,overcast clouds
555,Iquique,CL,-20.2208,-70.1431,59.04,82,75,2.24,broken clouds
556,Ust-Tsilma,RU,65.441,52.1498,33.49,63,100,8.84,overcast clouds
557,Oussouye,SN,12.485,-16.5469,75.38,72,93,8.86,overcast clouds
558,Kloulklubed,PW,7.0419,134.2556,81.1,72,61,4.0,broken clouds
559,Hasaki,JP,35.7333,140.8333,71.19,63,96,10.31,overcast clouds
560,Tanushimaru,JP,33.35,130.6833,67.82,70,100,3.27,overcast clouds
561,Poddorye,RU,57.4695,31.1156,52.34,79,100,6.17,light rain
562,Taonan,CN,45.3333,122.7833,64.6,17,9,8.77,clear sky
563,Arman,RU,59.7,150.1667,46.49,59,33,8.03,scattered clouds
564,Bullhead City,US,35.1478,-114.5683,102.11,5,75,17.27,broken clouds
565,Barreirinhas,BR,-2.7469,-42.8264,77.5,87,31,6.13,scattered clouds
566,Hami,CN,42.8,93.45,74.86,15,0,10.29,clear sky
567,Kuytun,RU,54.3419,101.5036,45.34,83,100,8.48,overcast clouds
568,Novyy Urgal,RU,51.0736,132.5642,48.31,77,100,1.88,overcast clouds
569,Ndago,TZ,-4.6,34.35,63.73,63,100,8.14,overcast clouds
570,Asahikawa,JP,43.7678,142.3703,58.21,67,40,10.25,scattered clouds
571,Santa Cruz De La Palma,ES,28.6835,-17.7642,68.14,68,75,20.71,broken clouds
572,Hays,US,30.0502,-98.0336,85.91,76,90,13.29,overcast clouds
573,Nkowakowa,ZA,-23.8878,30.2871,55.45,59,29,3.98,scattered clouds
574,Nova Olimpia,BR,-14.7972,-57.2881,75.96,63,7,1.23,clear sky
575,Acarau,BR,-2.8856,-40.12,78.48,78,28,12.75,scattered clouds
576,Muriwai Beach,NZ,-36.8167,174.45,57.96,62,88,9.84,overcast clouds
577,Ketchikan,US,55.3422,-131.6461,49.39,77,90,8.25,light rain
578,Osmena,PH,10.5208,119.9258,82.27,76,85,3.91,overcast clouds
579,Allapalli,IN,19.4167,80.0667,82.76,24,91,1.9,overcast clouds
580,Soanierana Ivongo,MG,-16.9167,49.5833,66.92,91,18,5.64,few clouds
581,Buala,SB,-8.145,159.5921,82.15,80,98,14.83,light rain
582,Embu-Guacu,BR,-23.8534,-46.8396,63.36,74,74,0.87,broken clouds
583,Laguna,US,38.421,-121.4238,87.76,26,1,5.01,clear sky
584,Neropolis,BR,-16.4064,-49.2186,75.22,62,55,2.24,broken clouds
585,Pryazha,RU,61.6926,33.6216,35.24,92,96,4.12,overcast clouds
586,Summerville,US,33.0185,-80.1757,87.91,49,1,1.99,clear sky
587,Sisimiut,GL,66.9395,-53.6735,29.73,64,39,5.19,scattered clouds
588,Komsomolskiy,UZ,40.4272,71.7189,71.02,42,42,9.22,scattered clouds
589,Rurrenabaque,BO,-14.4413,-67.5278,75.09,83,75,0.0,broken clouds
590,Nagato,JP,34.3833,131.2,67.91,61,100,4.85,overcast clouds
591,Galveston,US,29.3669,-94.9669,82.51,77,40,4.0,scattered clouds
592,Nampa,US,43.5407,-116.5635,57.85,94,1,6.91,clear sky
593,Yongzhou,CN,26.4559,111.5988,77.04,87,87,5.79,overcast clouds
594,Vredendal,ZA,-31.6683,18.5012,56.03,81,4,4.79,clear sky
595,Bennington,US,42.8781,-73.1968,76.93,58,1,5.75,clear sky
596,Somerset,US,40.5668,-74.5496,78.66,64,1,5.01,clear sky
597,Porto Velho,BR,-8.7619,-63.9039,73.45,94,20,0.0,light rain
598,Imelda,PH,7.65,123.95,81.59,76,78,2.39,broken clouds
599,Oranjemund,NA,-28.55,16.4333,57.34,97,26,5.06,scattered clouds
600,Comodoro Rivadavia,AR,-45.8667,-67.5,42.66,65,0,0.0,clear sky
601,Buraydah,SA,26.326,43.975,82.85,17,0,10.51,clear sky
602,Fray Bentos,UY,-33.1325,-58.2956,56.73,74,0,3.51,clear sky
603,Harper,LR,4.375,-7.7169,79.47,86,71,5.12,light rain
604,Gijon,ES,43.5357,-5.6615,53.06,78,99,2.39,overcast clouds
605,Rosdorf,DE,51.5,9.9,49.08,85,89,10.67,overcast clouds
606,Coromandel,BR,-18.4733,-47.2003,68.83,55,98,3.78,overcast clouds
607,Masyaf,SY,35.0653,36.3406,65.35,49,0,4.79,clear sky
608,Aykhal,RU,66.0,111.5,43.88,81,70,11.65,broken clouds
609,Sinj,HR,43.7036,16.6394,64.29,67,70,6.67,broken clouds
610,Ondjiva,AO,-17.0667,15.7333,56.35,47,0,7.56,clear sky
611,Baturaja,ID,-4.1333,104.1667,75.96,94,75,1.95,broken clouds
612,Bara,NG,10.3744,10.7288,84.76,39,50,6.33,scattered clouds
613,El Alto,PE,-4.2714,-81.2147,68.36,84,35,11.88,scattered clouds
614,Isangel,VU,-19.55,169.2667,75.31,64,75,12.33,broken clouds
615,Leningradskiy,RU,69.3833,178.4167,35.17,87,76,10.31,broken clouds
616,Petropavlovka,RU,50.6114,105.3196,51.31,62,100,3.13,light rain
617,Lac Du Bonnet,CA,50.2536,-96.0612,42.75,95,100,17.49,overcast clouds
618,Leshukonskoye,RU,64.8989,45.7622,29.28,90,95,6.78,overcast clouds
619,Samoded,RU,63.6083,40.5111,29.93,95,57,4.56,broken clouds
620,Gimli,CA,50.6336,-96.9907,43.43,87,100,21.85,overcast clouds
621,Kirakira,SB,-10.4544,161.9205,82.53,65,88,10.54,overcast clouds
622,Palera,IN,25.0167,79.2333,83.53,18,100,5.01,overcast clouds
623,Athabasca,CA,54.7169,-113.2854,58.03,35,100,5.48,overcast clouds
624,Cayenne,GF,4.9333,-52.3333,80.1,88,0,3.0,moderate rain
625,Wad Rawah,SD,15.1603,33.1397,88.68,11,1,11.05,clear sky
626,Savannakhet,LA,16.566,104.751,79.52,82,95,4.85,overcast clouds
627,Chiredzi,ZW,-21.05,31.6667,56.07,58,0,3.94,clear sky
628,Motygino,RU,58.1831,94.7592,42.64,49,79,4.52,broken clouds
629,Boo,SE,59.3333,18.2833,49.68,93,90,20.02,light rain
630,Rundu,NA,-17.9333,19.7667,52.99,60,0,5.64,clear sky
631,Indiana,US,40.0003,-86.2503,85.75,69,75,10.36,broken clouds
632,Miri,MY,4.4148,114.0089,78.94,94,20,4.61,few clouds
633,Ashcroft,CA,50.7165,-121.2859,75.42,50,95,1.1,overcast clouds
634,Quatre Cocos,MU,-20.2078,57.7625,71.71,77,19,8.77,few clouds
635,Port-Cartier,CA,50.0334,-66.8654,50.76,97,100,2.77,overcast clouds
636,Reconquista,AR,-29.15,-59.65,56.14,65,0,5.46,clear sky
637,Balabac,PH,7.9868,117.0645,83.59,73,24,4.92,few clouds
638,Akdepe,TM,42.0551,59.3788,69.8,28,2,5.77,clear sky
639,Pochutla,MX,15.7432,-96.4661,85.05,59,99,4.27,overcast clouds
640,Alyangula,AU,-13.8483,136.4192,78.67,73,41,14.32,scattered clouds
641,Saint-Augustin,CA,51.226,-58.6502,47.16,78,100,14.23,overcast clouds
642,Graneros,CL,-34.0667,-70.7333,53.38,46,91,4.0,overcast clouds
643,Tosno,RU,59.54,30.8775,48.02,85,98,6.6,light rain
644,Guaranda,EC,-1.6,-79.0,55.09,91,79,3.65,broken clouds
645,Malbork,PL,54.0359,19.0266,49.77,93,100,8.37,overcast clouds
646,Teguise,ES,29.0605,-13.564,62.82,68,40,22.3,scattered clouds
647,Linxia,CN,35.6003,103.2064,57.67,46,99,2.46,overcast clouds
648,Olafsvik,IS,64.8945,-23.7142,46.4,80,93,16.67,overcast clouds
649,Hovd,MN,48.0056,91.6419,61.34,27,6,7.14,clear sky
650,Garden City,US,42.3256,-83.331,88.05,37,75,12.01,broken clouds
651,Kargasok,RU,59.0556,80.8572,45.86,60,94,8.7,overcast clouds
652,Mogadishu,SO,2.0371,45.3438,79.02,75,2,18.86,clear sky
653,Pio Xii,BR,-3.8325,-45.1525,75.69,88,20,3.69,few clouds
654,Boden,SE,65.8252,21.6886,44.6,88,91,1.39,overcast clouds
655,Ayan,RU,56.45,138.1667,41.11,61,100,2.1,overcast clouds
656,Tautira,PF,-17.7333,-149.15,84.22,73,66,4.99,broken clouds
657,Ilo,PE,-17.6394,-71.3375,67.62,74,43,7.99,scattered clouds
658,Luena,AO,-11.7833,19.9167,50.88,67,40,3.4,scattered clouds
659,Keti Bandar,PK,24.1447,67.4497,83.43,84,29,19.46,scattered clouds
660,Vao,NC,-22.6667,167.4833,71.49,62,17,15.93,few clouds
661,Passo De Camaragibe,BR,-9.2368,-35.4901,76.55,93,55,5.32,broken clouds
662,Varhaug,NO,58.6147,5.6457,54.95,77,100,9.42,overcast clouds
663,Caxito,AO,-8.5785,13.6643,69.19,89,19,3.69,few clouds
664,Puerto Rico,AR,-26.796,-55.024,52.52,65,33,1.99,scattered clouds
665,Jablonne Nad Orlici,CZ,50.0296,16.6006,46.69,85,32,5.79,scattered clouds
666,San Policarpo,PH,12.1791,125.5072,82.89,79,97,4.38,overcast clouds
667,Longyan,CN,25.1072,117.0225,74.39,97,99,3.24,overcast clouds
668,Loandjili,CG,-4.7561,11.8578,77.11,94,20,4.61,few clouds
669,Awjilah,LY,29.1081,21.2869,81.79,12,0,3.38,clear sky
670,Waitara,NZ,-38.925,174.25,54.72,59,0,1.68,clear sky
671,Riyadh,SA,24.6877,46.7219,95.05,10,20,3.44,few clouds
672,Krasnyy Chikoy,RU,50.3643,108.7512,42.1,97,100,4.03,light rain
673,Chitose,JP,42.8194,141.6522,64.65,41,75,6.91,broken clouds
674,Zanzibar,TZ,-6.1639,39.1979,74.34,78,100,8.32,overcast clouds
675,Aswan,EG,24.0934,32.907,82.99,16,0,9.13,clear sky
676,Zemio,CF,5.0314,25.1361,69.94,88,57,2.46,light rain
677,La Grande,US,45.3246,-118.0877,64.69,67,99,4.12,light rain
678,Beloha,MG,-25.1667,45.05,61.16,82,6,5.55,clear sky
679,Valdosta,US,30.8327,-83.2785,91.35,39,20,6.91,few clouds
680,Lima,PE,-12.0432,-77.0282,63.14,85,90,1.01,overcast clouds
681,Kaili,ID,-3.4626,120.2147,70.02,94,100,2.15,overcast clouds
682,Ussel,FR,45.55,2.3167,41.09,99,80,2.68,broken clouds
683,Acandi,CO,8.5063,-77.2778,79.11,87,96,3.49,overcast clouds
684,Krutaya Gorka,RU,55.3649,73.2231,58.68,66,18,2.35,few clouds
685,Soyo,AO,-6.1349,12.3689,78.08,88,50,7.78,scattered clouds
686,Jieshi,CN,22.8134,115.8257,81.66,79,50,6.15,scattered clouds
687,Petropavlovsk-Kamchatskiy,RU,53.0452,158.6483,45.19,57,97,11.68,overcast clouds
688,Barabinsk,RU,55.3571,78.357,64.8,70,1,4.85,clear sky
689,Bathsheba,BB,13.2167,-59.5167,81.21,61,40,12.75,scattered clouds
